Sample_name,Auseed_diameter_ave_nm,Auseed_diameter_stdv_nm,Auseed_diameter_max_nm,Auseed_diameter_min_nm,Au_mmol,Cd_mmol,oleylamine_mL,oleic_acid_mL,heating_rate_C/min,holding_temperature_C,holding_time_h,ratio_AuCd,H,V,C,Class
Au,13.4,1.3,16.50047649,2.689001185,1,0,0,0,0,25,0,0,R,6.1,14.9,0
sam254_1.5h,13.4,1.3,16.50047649,2.689001185,0.5,1.002511107,33,3.2,1.698113208,271,1.5,53.4,Y,3.5,5.4,0
sam254_3h,13.4,1.3,16.50047649,2.689001185,0.5,1.002511107,33,3.2,1.698113208,271,3,57.8,RP,3.9,0.5,0
sam255_1.5h,13.4,1.3,16.50047649,2.689001185,0.5,0.501255553,33,3.2,4.142857143,270,1.5,0,YR,5.8,12.2,0
sam255_3h,13.4,1.3,16.50047649,2.689001185,0.5,0.501255553,33,3.2,4.142857143,270,3,0,RP,3.5,3.5,0
Au,22.23395523,4.547413161,75.47982885,5.81339808,1,0,0,0,0,25,0,0,PB,6.8,5.9,0
Au,9.4697531,2.131553309,13.5861725,2.547239431,1,0,0,0,0,25,0,0,RP,7,11.2,0
sam258_1.5h,9.4697531,2.131553309,13.5861725,2.547239431,0.5,0.500933617,33,3.2,3.48,240,1.5,69.3,YR,7.1,10.4,0
sam258_3h,9.4697531,2.131553309,13.5861725,2.547239431,0.5,0.500933617,33,3.2,3.48,240,3,36.9,Y,7.2,11.2,0
sam258_6h,9.4697531,2.131553309,13.5861725,2.547239431,0.5,0.500933617,33,3.2,3.48,240,6,21.6,YR,6.7,12.4,0
Au,10.74525969,1.987611654,23.33263304,2.680702145,1,0,0,0,0,25,0,0,RP,8.6,5.3,0
Au,9.790220418,1.462094851,16.46714665,3.702046793,1,0,0,0,0,25,0,0,RP,7.6,8.5,0
sam261_1.5h,9.790220418,1.462094851,16.46714665,3.702046793,0.25,0.383104758,16.5,1.6,2.749840866,250,1.5,0,YR,6.2,8.2,0
sam261_3h,9.790220418,1.462094851,16.46714665,3.702046793,0.25,0.383104758,16.5,1.6,2.749840866,250,3,5.92,YR,5.1,3.2,0
sam261_6h,9.790220418,1.462094851,16.46714665,3.702046793,0.25,0.383104758,16.5,1.6,2.749840866,250,6,0,YR,7,11.2,0
sam262_1.5h,9.790220418,1.462094851,16.46714665,3.702046793,0.25,0.50061168,16.5,1.6,4.782608696,250,1.5,68.6,Y,8.3,4.1,0
sam262_3h,9.790220418,1.462094851,16.46714665,3.702046793,0.25,0.50061168,16.5,1.6,4.782608696,250,3,23.2,Y,7.5,5.5,0
sam263_1.5h,9.790220418,1.462094851,16.46714665,3.702046793,0.25,0.5,16.5,1.6,3.6,250,1.5,67.8,Y,7.1,5.2,0
sam264_1.5h,22.23395523,4.547413161,75.47982885,5.81339808,0.25,0.502865237,16.5,1.6,4.24,272,1.5,20.8,Y,8.4,0.6,0
sam265_1.5h,9.790220418,1.462094851,16.46714665,3.702046793,0.25,0.501899427,16.5,1.6,4.434782609,260,1.5,60.9,Y,8.3,3.1,0
sam266_1.5h,22.23395523,4.547413161,75.47982885,5.81339808,0.25,0.377309896,16.5,1.6,2.968460111,270,1.5,59.2,Y,4.9,1.4,0
sam267_1.5h,9.790220418,1.462094851,16.46714665,3.702046793,0.25,0.451033417,16.5,1.6,8.2,260,1.5,99.9,Y,8.5,3.2,1
sam268_1.5h,10.74525969,1.987611654,23.33263304,2.680702145,0.25,0.252720366,16.5,1.6,6.526315789,260,1.5,31.9,Y,7.9,7,0
sam269_1.5h,9.790220418,1.462094851,16.46714665,3.702046793,0.25,0.375056339,16.5,1.6,2.629931121,260,1.5,100,Y,8.5,3.5,1
sam270_1.5h,10.74525969,1.987611654,23.33263304,2.680702145,0.25,0.250466808,16.5,1.6,1.951807229,240,1.5,51.4,YR,6.4,5.2,0
sam275_1.5h,9.790220418,1.462094851,16.46714665,3.702046793,0.25,0.401777091,16.5,1.6,11.4893617,260,1.5,95,Y,6.9,5.1,1
sam276_1.5h,10.74525969,1.987611654,23.33263304,2.680702145,0.25,0.375056339,16.5,1.6,5.317365269,220,1.5,0,YR,6.8,7.7,0
sam277_0h,9.790220418,1.462094851,16.46714665,3.702046793,0.25,0.426244286,16.5,1.6,6.5,250,0.016666667,0,Y,8.4,7.3,0
sam277_1.5h,9.790220418,1.462094851,16.46714665,3.702046793,0.25,0.426244286,16.5,1.6,4.545454545,260,1.5,91.8,Y,8.8,2.4,1
sam278_1.5h,10.74525969,1.987611654,23.33263304,2.680702145,0.25,0.424634602,16.5,1.6,4.013793103,260,1.5,12.8,Y,7.9,9.2,0
sam279_1.5h,22.23395523,4.547413161,75.47982885,5.81339808,0.25,0.376022149,16.5,1.6,3.793103448,270,1.5,97,Y,8,3.3,1
sam280_1.5h,10.74525969,1.987611654,23.33263304,2.680702145,0.25,0.425600412,16.5,1.6,3.658899355,260,1.5,72.3,Y,6.1,3.5,0
sam282_1.5h,9.790220418,1.462094851,16.46714665,3.702046793,0.25,0.424634602,16.5,1.6,2.136447977,260,1.5,100,Y,8.3,2.4,1
Au,13.33575349,0.698292023,14.87082167,9.406581853,1,0,0,0,0,25,0,0,R,6.2,14.4,0
sam284_1.5h,13.33575349,0.698292023,14.87082167,9.406581853,0.25,0.376022149,16.5,1.6,2.651933702,260,1.5,100,Y,6.7,3.4,1
sam285_1.5h,13.33575349,0.698292023,14.87082167,9.406581853,0.25,0.126199214,16.5,1.6,2.4,260,1.5,0,YR,6.4,9.1,0
sam286_1.5h,13.33575349,0.698292023,14.87082167,9.406581853,0.25,0.251754555,16.5,1.6,1.909090909,260,1.5,3.7,YR,5.2,6.7,0
sam287_1.5h,13.33575349,0.698292023,14.87082167,9.406581853,0.25,0.500933617,16.5,1.6,5.363636364,260,1.5,37.3,Y,7.9,5.7,0
sam288_1.5h,13.33575349,0.698292023,14.87082167,9.406581853,0.25,0.750434615,16.5,1.6,3.490136571,260,1.5,64.3,Y,8.8,2.4,0
sam301_1.5h,13.33575349,0.698292023,14.87082167,9.406581853,0.25,0.374412465,16.5,1.6,2.133027523,260,1.5,100,Y,8.5,3.5,1
sam316_1.5h,13.33575349,0.698292023,14.87082167,9.406581853,0.25,0.37698796,16.5,1.6,4.432132964,260,1.5,0,YR,7.5,9.1,0
sam317_1.5h,13.33575349,0.698292023,14.87082167,9.406581853,0.25,0.426566222,16.5,1.6,12.28070175,260,1.5,100,Y,9.1,1.8,1
sam326,13.33575349,0.698292023,14.87082167,9.406581853,0.25,0.251754555,16.5,1.6,3.609756098,280,1.5,35.2,YR,7.8,4.4,0
sam328,13.33575349,0.698292023,14.87082167,9.406581853,0.25,0,16.5,1.6,6.055045872,260,1.5,0,RP,6.4,10.5,0
Au,10.37532121,1.992716702,15.66444718,3.135188876,0.25,0,0,0,0,25,0,0,RP,6.1,12.4,0
sam330_1.5h,10.37532121,1.992716702,15.66444718,3.135188876,0.25,0.376022149,16.5,1.6,4.188481675,260,1.5,63.5,Y,7.8,3.4,0
sam331_1.5h,10.37532121,1.992716702,15.66444718,3.135188876,0.25,0.251110682,16.5,1.6,4.19665484,260,1.5,48.1,Y,9,1.9,0
sam332_1.5h,10.37532121,1.992716702,15.66444718,3.135188876,0.25,0.704719593,16.5,1.6,8.545269583,260,1.5,19.5,Y,8.2,8.2,0
sam333_1.5h,10.37532121,1.992716702,15.66444718,3.135188876,0.25,0.175133604,16.5,1.6,5.571428571,260,1.5,0,R,5.3,7.7,0
sam334_140C,0,0,0,0,0.25,0.37795377,16.5,1.6,6,140,0.25,0,R,8.5,4.3,0
sam334_260C_1,0,0,0,0,0.25,0.37795377,16.5,1.6,2.28,260,0.5,0,R,6.3,9.7,0
sam334_260C_2,0,0,0,0,0.25,0.37795377,16.5,1.6,2.28,260,1.5,0,R,7,7.4,0
Au,10.41841793,1.771879148,15.52971158,3.832172349,1,0,0,0,0,25,0,0,RP,6.4,13,0
Au,14.318708,1.19277,20.037676,8.694526,1,0,0,0,0,25,0,0,RP,6.7,12,0
Au,9.56671791,1.988195806,13.1600652,2.886754721,1,0,0,0,0,25,0,0,R,6.6,12.3,0
Au,11.79237014,1.526607551,17.44274926,4.052436754,1,0,0,0,0,25,0,0,R,6.4,12.9,0
sam362,14.318708,1.19277,20.037676,8.694526,0.25,0.375044265,16.5,1.6,6.065318818,260,1.5,74,Y,8.7,2.8,0
sam363,9.56671791,1.988195806,13.1600652,2.886754721,0.25,0.376975823,16.5,1.6,8.35483871,260,1.5,83.6,Y,6.6,1.3,0
sam374,23.26245161,4.963602624,47.519,15.227,0.16,0.241122879,8,0.8,3.883289125,260,1.5,91.7,Y,5,1.3,0
sam375,37.33,9.09,62.42,23.76,0.16,0.241766732,8,0.8,7.925840093,260,1.5,85,Y,8.2,5.7,0
sam383,9.56671791,1.988195806,13.1600652,2.886754721,0.25,0.450375044,16.5,1.6,3.176470588,260,1.5,76.9,Y,8.5,3.2,0
sam384,11.13587126,1.275069674,13.00086726,4.883288178,0.25,0.45616972,16.5,1.6,2.708333333,260,1.5,90.4,Y,8.5,3.2,1
sam388-2,10.41841793,1.771879148,15.52971158,3.832172349,0.25,0.145837358,16.5,1.6,3.956356736,270,1.5,0,YR,7.6,11.3,0
sam389,10.41841793,1.771879148,15.52971158,3.832172349,0.25,1.273903805,16.5,1.6,4.508108108,270,1.5,0,Y,9.2,1.5,0
sam390_120C,10.37532121,1.992716702,15.66444718,3.135188876,0.25,0,16.5,1.6,4,120,0.75,0,R,6.2,14.2,0
sam390_170C,10.37532121,1.992716702,15.66444718,3.135188876,0.25,0,16.5,1.6,4.166666667,170,1.5,0,RP,6.2,14,0
sam390_220C,10.37532121,1.992716702,15.66444718,3.135188876,0.25,0,16.5,1.6,2.647837599,220,1.5,0,RP,6.5,13.5,0
sam390_270C,10.37532121,1.992716702,15.66444718,3.135188876,0.25,0,16.5,1.6,2.691588785,270,1.5,0,P,4.8,4.5,0
sam391_270C,0,0,0,0,0,0.386002189,16.5,1.6,11.52,270,1.5,0,PB,6.2,1.5,0
sam391_300C,0,0,0,0,0,0.386002189,16.5,1.6,2.581602374,300,1.5,0,PB,4.2,1.9,0
sam393_330C_30min,10.41841793,1.771879148,15.52971158,3.832172349,0.25,0.145837358,16.5,1.6,6.438095238,320,0.5,0,YR,6.8,12.9,0
sam393_330C_90min,10.41841793,1.771879148,15.52971158,3.832172349,0.25,0.145837358,16.5,1.6,6.438095238,330,1.5,0,YR,6.5,10.2,0
sam393_330C_180C,10.41841793,1.771879148,15.52971158,3.832172349,0.25,0.145837358,16.5,1.6,6.438095238,330,3,0,YR,6.5,9.1,0
sam394_330C_30min,10.41841793,1.771879148,15.52971158,3.832172349,0.25,0.45071148,16.5,1.6,7.768595041,330,0.5,98.1,Y,7.9,5.2,1
sam394_330C_90min,10.41841793,1.771879148,15.52971158,3.832172349,0.25,0.45071148,16.5,1.6,7.768595041,330,1.5,100,Y,8.1,3.3,1
sam394_330C_180min,10.41841793,1.771879148,15.52971158,3.832172349,0.25,0.45071148,16.5,1.6,7.768595041,330,3,87.1,Y,7.5,4.8,0
sam395,10.41841793,1.771879148,15.52971158,3.832172349,0.25,0.42978559,16.5,1.6,3.103448276,250,1.5,99,Y,8.8,2.5,1
sam396,10.41841793,1.771879148,15.52971158,3.832172349,0.25,0.431073337,16.5,1.6,4.652173913,270,1.5,100,Y,7.9,4.7,1
sam401,8.419896812,2.272715911,13.23574815,1.61677481,0.25,0,0,0,0,25,0,0,R,5.9,14.1,0
sam402,11.03119666,3.074107526,16.72347767,1.162285317,0.25,0,0,0,0,25,0,0,RP,6.1,14.1,0
sam405,4.874121005,3.565239794,13.553,0.864,0.25,0,0,0,0,25,0,0,R,6.5,11.1,0
sam406,4.852818284,3.467703871,10.46233261,0.791,0.25,0,0,0,0,25,0,0,R,6.3,10.3,0
sam407,8.419896812,2.272715911,13.23574815,1.61677481,0.25,0.440087567,16.5,1.6,4.404624277,260,1.5,72.9,Y,8.6,2.9,0
sam408,4.852818284,3.467703871,10.46233261,0.791,0.25,0.423990728,16.5,1.6,4.610011641,260,1.5,69.1,Y,8.5,3.6,0
sam409_45 min,8.419896812,2.272715911,13.23574815,1.61677481,0.2594,0.447492113,15.46,3.32,10.37593985,280,0.75,0,YR,7.4,10.7,0
sam409_90 min,8.419896812,2.272715911,13.23574815,1.61677481,0.2594,0.447492113,15.46,3.32,10.37593985,280,1.5,0,YR,7.2,12.7,0
sam409_20 h,8.419896812,2.272715911,13.23574815,1.61677481,0.2594,0.447492113,15.46,3.32,10.37593985,280,20,74.5,Y,7.9,5.6,0
sam410_90 min,8.419896812,2.272715911,13.23574815,1.61677481,0.25,0.408537763,16.64,0.77,5.208148804,260,1.5,100,Y,9,1.9,1
sam410_180 min,8.419896812,2.272715911,13.23574815,1.61677481,0.25,0.408537763,16.64,0.77,5.208148804,260,3,100,Y,8.5,3.3,1
sam421,13.497174,1.606828,19.433887,6.253909,0.25,0,0,0,0,25,0,0,RP,6.6,13,0
sam422_0,13.497174,1.606828,19.433887,6.253909,0.25,0.441375314,16.5,1.6,9.5,120,0.866666667,0,R,6.4,13.5,0
sam422_1,13.497174,1.606828,19.433887,6.253909,0.25,0.441375314,16.5,1.6,16.8,210,0.016666667,0,R,6.2,14.4,0
sam422_2,13.497174,1.606828,19.433887,6.253909,0.25,0.441375314,16.5,1.6,12.5,240,0.016666667,0,R,6.4,13.6,0
sam422_3,13.497174,1.606828,19.433887,6.253909,0.25,0.441375314,16.5,1.6,8.461538462,250,0.016666667,0,YR,7.2,13.5,0
sam422_4,13.497174,1.606828,19.433887,6.253909,0.25,0.441375314,16.5,1.6,6.545454545,260,0.016666667,0,YR,7.3,12.4,0
sam422_5,13.497174,1.606828,19.433887,6.253909,0.25,0.441375314,16.5,1.6,6.545454545,260,0.25,32.3,Y,8.2,6.6,0
sam422_6,13.497174,1.606828,19.433887,6.253909,0.25,0.441375314,16.5,1.6,6.545454545,260,0.5,100,Y,8.9,3,1
sam422_7,13.497174,1.606828,19.433887,6.253909,0.25,0.441375314,16.5,1.6,6.545454545,260,1,100,Y,8.6,2.9,1
sam422_8,13.497174,1.606828,19.433887,6.253909,0.25,0.441375314,16.5,1.6,6.545454545,260,1.5,100,Y,8.6,3,1
sam431_220C,11.03119666,3.074107526,16.72347767,1.162285317,0.25,0.378629837,16.5,1.6,15.6,220,0.016666667,0,R,7.3,9.2,0
sam431_1.5h,11.03119666,3.074107526,16.72347767,1.162285317,0.25,0.378629837,16.5,1.6,3.42236306,260,1.5,67.1,Y,8.7,2.7,0
sam434,13.497174,1.606828,19.433887,6.253909,0.25,0.401551735,16.5,1.6,5.037037037,260,1.5,100,Y,8.6,2.6,1
sam435,11.40280411,2.463424925,19.72586232,3.737984853,0.25,0.401551735,16.5,1.6,7.440212578,260,1.5,39.4,Y,7.8,6.6,0
sam436,8.235354895,1.879466584,11.96300121,2.581498746,0.25,0.401004443,16.5,1.6,2.850157178,260,1.5,43.7,Y,7.8,5.9,0
sam437,8.245299737,1.805341512,13.47300791,3.169319607,1,0,0,0,0,25,0,0,RP,6.8,11.9,0
sam438,9.635915339,2.01448845,16.92297918,5.773619707,1,0,0,0,0,25,0,0,RP,7.5,9.1,0
sam439,8.245299737,1.805341512,13.47300791,3.169319607,0.25,0.416360827,16.5,1.6,6.208494208,260,1.5,27.8,Y,7.4,2.7,0
sam440_5,8.245299737,1.805341512,13.47300791,3.169319607,0.25,0.389253751,16.5,1.6,11.31914894,260,0.45,31.2,Y,8.5,5.7,0
sam440_8,8.245299737,1.805341512,13.47300791,3.169319607,0.25,0.389253751,16.5,1.6,11.31914894,260,1.5,100,Y,8.3,3.6,1
